topicId,rank,docId,filename
1,1,12,C:\Users\catha\Documents\GitHub\Final-Project-\Final Project\Topicmodelbydecade\topicmodel1911-1922\1919.txt
1,2,11,C:\Users\catha\Documents\GitHub\Final-Project-\Final Project\Topicmodelbydecade\topicmodel1911-1922\1919 (3).txt
1,3,5,C:\Users\catha\Documents\GitHub\Final-Project-\Final Project\Topicmodelbydecade\topicmodel1911-1922\1914 (2).txt
1,4,1,C:\Users\catha\Documents\GitHub\Final-Project-\Final Project\Topicmodelbydecade\topicmodel1911-1922\1911 (2).txt
1,5,2,C:\Users\catha\Documents\GitHub\Final-Project-\Final Project\Topicmodelbydecade\topicmodel1911-1922\1911.txt
1,6,4,C:\Users\catha\Documents\GitHub\Final-Project-\Final Project\Topicmodelbydecade\topicmodel1911-1922\1913.txt
1,7,10,C:\Users\catha\Documents\GitHub\Final-Project-\Final Project\Topicmodelbydecade\topicmodel1911-1922\1919 (2).txt
1,8,7,C:\Users\catha\Documents\GitHub\Final-Project-\Final Project\Topicmodelbydecade\topicmodel1911-1922\1915.txt
1,9,13,C:\Users\catha\Documents\GitHub\Final-Project-\Final Project\Topicmodelbydecade\topicmodel1911-1922\1922.txt
1,10,9,C:\Users\catha\Documents\GitHub\Final-Project-\Final Project\Topicmodelbydecade\topicmodel1911-1922\1918.txt
1,11,6,C:\Users\catha\Documents\GitHub\Final-Project-\Final Project\Topicmodelbydecade\topicmodel1911-1922\1914.txt
1,12,8,C:\Users\catha\Documents\GitHub\Final-Project-\Final Project\Topicmodelbydecade\topicmodel1911-1922\1917.txt
1,13,3,C:\Users\catha\Documents\GitHub\Final-Project-\Final Project\Topicmodelbydecade\topicmodel1911-1922\1912.txt
2,1,2,C:\Users\catha\Documents\GitHub\Final-Project-\Final Project\Topicmodelbydecade\topicmodel1911-1922\1911.txt
2,2,7,C:\Users\catha\Documents\GitHub\Final-Project-\Final Project\Topicmodelbydecade\topicmodel1911-1922\1915.txt
2,3,4,C:\Users\catha\Documents\GitHub\Final-Project-\Final Project\Topicmodelbydecade\topicmodel1911-1922\1913.txt
2,4,11,C:\Users\catha\Documents\GitHub\Final-Project-\Final Project\Topicmodelbydecade\topicmodel1911-1922\1919 (3).txt
2,5,9,C:\Users\catha\Documents\GitHub\Final-Project-\Final Project\Topicmodelbydecade\topicmodel1911-1922\1918.txt
2,6,10,C:\Users\catha\Documents\GitHub\Final-Project-\Final Project\Topicmodelbydecade\topicmodel1911-1922\1919 (2).txt
2,7,5,C:\Users\catha\Documents\GitHub\Final-Project-\Final Project\Topicmodelbydecade\topicmodel1911-1922\1914 (2).txt
2,8,12,C:\Users\catha\Documents\GitHub\Final-Project-\Final Project\Topicmodelbydecade\topicmodel1911-1922\1919.txt
2,9,1,C:\Users\catha\Documents\GitHub\Final-Project-\Final Project\Topicmodelbydecade\topicmodel1911-1922\1911 (2).txt
2,10,13,C:\Users\catha\Documents\GitHub\Final-Project-\Final Project\Topicmodelbydecade\topicmodel1911-1922\1922.txt
2,11,3,C:\Users\catha\Documents\GitHub\Final-Project-\Final Project\Topicmodelbydecade\topicmodel1911-1922\1912.txt
2,12,6,C:\Users\catha\Documents\GitHub\Final-Project-\Final Project\Topicmodelbydecade\topicmodel1911-1922\1914.txt
2,13,8,C:\Users\catha\Documents\GitHub\Final-Project-\Final Project\Topicmodelbydecade\topicmodel1911-1922\1917.txt
3,1,8,C:\Users\catha\Documents\GitHub\Final-Project-\Final Project\Topicmodelbydecade\topicmodel1911-1922\1917.txt
3,2,12,C:\Users\catha\Documents\GitHub\Final-Project-\Final Project\Topicmodelbydecade\topicmodel1911-1922\1919.txt
3,3,4,C:\Users\catha\Documents\GitHub\Final-Project-\Final Project\Topicmodelbydecade\topicmodel1911-1922\1913.txt
3,4,2,C:\Users\catha\Documents\GitHub\Final-Project-\Final Project\Topicmodelbydecade\topicmodel1911-1922\1911.txt
3,5,5,C:\Users\catha\Documents\GitHub\Final-Project-\Final Project\Topicmodelbydecade\topicmodel1911-1922\1914 (2).txt
3,6,7,C:\Users\catha\Documents\GitHub\Final-Project-\Final Project\Topicmodelbydecade\topicmodel1911-1922\1915.txt
3,7,1,C:\Users\catha\Documents\GitHub\Final-Project-\Final Project\Topicmodelbydecade\topicmodel1911-1922\1911 (2).txt
3,8,11,C:\Users\catha\Documents\GitHub\Final-Project-\Final Project\Topicmodelbydecade\topicmodel1911-1922\1919 (3).txt
3,9,10,C:\Users\catha\Documents\GitHub\Final-Project-\Final Project\Topicmodelbydecade\topicmodel1911-1922\1919 (2).txt
3,10,9,C:\Users\catha\Documents\GitHub\Final-Project-\Final Project\Topicmodelbydecade\topicmodel1911-1922\1918.txt
3,11,6,C:\Users\catha\Documents\GitHub\Final-Project-\Final Project\Topicmodelbydecade\topicmodel1911-1922\1914.txt
3,12,3,C:\Users\catha\Documents\GitHub\Final-Project-\Final Project\Topicmodelbydecade\topicmodel1911-1922\1912.txt
3,13,13,C:\Users\catha\Documents\GitHub\Final-Project-\Final Project\Topicmodelbydecade\topicmodel1911-1922\1922.txt
4,1,12,C:\Users\catha\Documents\GitHub\Final-Project-\Final Project\Topicmodelbydecade\topicmodel1911-1922\1919.txt
4,2,5,C:\Users\catha\Documents\GitHub\Final-Project-\Final Project\Topicmodelbydecade\topicmodel1911-1922\1914 (2).txt
4,3,2,C:\Users\catha\Documents\GitHub\Final-Project-\Final Project\Topicmodelbydecade\topicmodel1911-1922\1911.txt
4,4,1,C:\Users\catha\Documents\GitHub\Final-Project-\Final Project\Topicmodelbydecade\topicmodel1911-1922\1911 (2).txt
4,5,11,C:\Users\catha\Documents\GitHub\Final-Project-\Final Project\Topicmodelbydecade\topicmodel1911-1922\1919 (3).txt
4,6,4,C:\Users\catha\Documents\GitHub\Final-Project-\Final Project\Topicmodelbydecade\topicmodel1911-1922\1913.txt
4,7,10,C:\Users\catha\Documents\GitHub\Final-Project-\Final Project\Topicmodelbydecade\topicmodel1911-1922\1919 (2).txt
4,8,7,C:\Users\catha\Documents\GitHub\Final-Project-\Final Project\Topicmodelbydecade\topicmodel1911-1922\1915.txt
4,9,13,C:\Users\catha\Documents\GitHub\Final-Project-\Final Project\Topicmodelbydecade\topicmodel1911-1922\1922.txt
4,10,3,C:\Users\catha\Documents\GitHub\Final-Project-\Final Project\Topicmodelbydecade\topicmodel1911-1922\1912.txt
4,11,8,C:\Users\catha\Documents\GitHub\Final-Project-\Final Project\Topicmodelbydecade\topicmodel1911-1922\1917.txt
4,12,6,C:\Users\catha\Documents\GitHub\Final-Project-\Final Project\Topicmodelbydecade\topicmodel1911-1922\1914.txt
4,13,9,C:\Users\catha\Documents\GitHub\Final-Project-\Final Project\Topicmodelbydecade\topicmodel1911-1922\1918.txt
5,1,2,C:\Users\catha\Documents\GitHub\Final-Project-\Final Project\Topicmodelbydecade\topicmodel1911-1922\1911.txt
5,2,11,C:\Users\catha\Documents\GitHub\Final-Project-\Final Project\Topicmodelbydecade\topicmodel1911-1922\1919 (3).txt
5,3,7,C:\Users\catha\Documents\GitHub\Final-Project-\Final Project\Topicmodelbydecade\topicmodel1911-1922\1915.txt
5,4,5,C:\Users\catha\Documents\GitHub\Final-Project-\Final Project\Topicmodelbydecade\topicmodel1911-1922\1914 (2).txt
5,5,4,C:\Users\catha\Documents\GitHub\Final-Project-\Final Project\Topicmodelbydecade\topicmodel1911-1922\1913.txt
5,6,12,C:\Users\catha\Documents\GitHub\Final-Project-\Final Project\Topicmodelbydecade\topicmodel1911-1922\1919.txt
5,7,1,C:\Users\catha\Documents\GitHub\Final-Project-\Final Project\Topicmodelbydecade\topicmodel1911-1922\1911 (2).txt
5,8,10,C:\Users\catha\Documents\GitHub\Final-Project-\Final Project\Topicmodelbydecade\topicmodel1911-1922\1919 (2).txt
5,9,9,C:\Users\catha\Documents\GitHub\Final-Project-\Final Project\Topicmodelbydecade\topicmodel1911-1922\1918.txt
5,10,13,C:\Users\catha\Documents\GitHub\Final-Project-\Final Project\Topicmodelbydecade\topicmodel1911-1922\1922.txt
5,11,3,C:\Users\catha\Documents\GitHub\Final-Project-\Final Project\Topicmodelbydecade\topicmodel1911-1922\1912.txt
5,12,6,C:\Users\catha\Documents\GitHub\Final-Project-\Final Project\Topicmodelbydecade\topicmodel1911-1922\1914.txt
5,13,8,C:\Users\catha\Documents\GitHub\Final-Project-\Final Project\Topicmodelbydecade\topicmodel1911-1922\1917.txt
6,1,7,C:\Users\catha\Documents\GitHub\Final-Project-\Final Project\Topicmodelbydecade\topicmodel1911-1922\1915.txt
6,2,4,C:\Users\catha\Documents\GitHub\Final-Project-\Final Project\Topicmodelbydecade\topicmodel1911-1922\1913.txt
6,3,3,C:\Users\catha\Documents\GitHub\Final-Project-\Final Project\Topicmodelbydecade\topicmodel1911-1922\1912.txt
6,4,2,C:\Users\catha\Documents\GitHub\Final-Project-\Final Project\Topicmodelbydecade\topicmodel1911-1922\1911.txt
6,5,11,C:\Users\catha\Documents\GitHub\Final-Project-\Final Project\Topicmodelbydecade\topicmodel1911-1922\1919 (3).txt
6,6,13,C:\Users\catha\Documents\GitHub\Final-Project-\Final Project\Topicmodelbydecade\topicmodel1911-1922\1922.txt
6,7,9,C:\Users\catha\Documents\GitHub\Final-Project-\Final Project\Topicmodelbydecade\topicmodel1911-1922\1918.txt
6,8,1,C:\Users\catha\Documents\GitHub\Final-Project-\Final Project\Topicmodelbydecade\topicmodel1911-1922\1911 (2).txt
6,9,5,C:\Users\catha\Documents\GitHub\Final-Project-\Final Project\Topicmodelbydecade\topicmodel1911-1922\1914 (2).txt
6,10,12,C:\Users\catha\Documents\GitHub\Final-Project-\Final Project\Topicmodelbydecade\topicmodel1911-1922\1919.txt
6,11,8,C:\Users\catha\Documents\GitHub\Final-Project-\Final Project\Topicmodelbydecade\topicmodel1911-1922\1917.txt
6,12,10,C:\Users\catha\Documents\GitHub\Final-Project-\Final Project\Topicmodelbydecade\topicmodel1911-1922\1919 (2).txt
6,13,6,C:\Users\catha\Documents\GitHub\Final-Project-\Final Project\Topicmodelbydecade\topicmodel1911-1922\1914.txt
7,1,3,C:\Users\catha\Documents\GitHub\Final-Project-\Final Project\Topicmodelbydecade\topicmodel1911-1922\1912.txt
7,2,7,C:\Users\catha\Documents\GitHub\Final-Project-\Final Project\Topicmodelbydecade\topicmodel1911-1922\1915.txt
7,3,4,C:\Users\catha\Documents\GitHub\Final-Project-\Final Project\Topicmodelbydecade\topicmodel1911-1922\1913.txt
7,4,2,C:\Users\catha\Documents\GitHub\Final-Project-\Final Project\Topicmodelbydecade\topicmodel1911-1922\1911.txt
7,5,5,C:\Users\catha\Documents\GitHub\Final-Project-\Final Project\Topicmodelbydecade\topicmodel1911-1922\1914 (2).txt
7,6,13,C:\Users\catha\Documents\GitHub\Final-Project-\Final Project\Topicmodelbydecade\topicmodel1911-1922\1922.txt
7,7,1,C:\Users\catha\Documents\GitHub\Final-Project-\Final Project\Topicmodelbydecade\topicmodel1911-1922\1911 (2).txt
7,8,11,C:\Users\catha\Documents\GitHub\Final-Project-\Final Project\Topicmodelbydecade\topicmodel1911-1922\1919 (3).txt
7,9,6,C:\Users\catha\Documents\GitHub\Final-Project-\Final Project\Topicmodelbydecade\topicmodel1911-1922\1914.txt
7,10,9,C:\Users\catha\Documents\GitHub\Final-Project-\Final Project\Topicmodelbydecade\topicmodel1911-1922\1918.txt
7,11,8,C:\Users\catha\Documents\GitHub\Final-Project-\Final Project\Topicmodelbydecade\topicmodel1911-1922\1917.txt
7,12,12,C:\Users\catha\Documents\GitHub\Final-Project-\Final Project\Topicmodelbydecade\topicmodel1911-1922\1919.txt
7,13,10,C:\Users\catha\Documents\GitHub\Final-Project-\Final Project\Topicmodelbydecade\topicmodel1911-1922\1919 (2).txt
8,1,12,C:\Users\catha\Documents\GitHub\Final-Project-\Final Project\Topicmodelbydecade\topicmodel1911-1922\1919.txt
8,2,2,C:\Users\catha\Documents\GitHub\Final-Project-\Final Project\Topicmodelbydecade\topicmodel1911-1922\1911.txt
8,3,6,C:\Users\catha\Documents\GitHub\Final-Project-\Final Project\Topicmodelbydecade\topicmodel1911-1922\1914.txt
8,4,9,C:\Users\catha\Documents\GitHub\Final-Project-\Final Project\Topicmodelbydecade\topicmodel1911-1922\1918.txt
8,5,5,C:\Users\catha\Documents\GitHub\Final-Project-\Final Project\Topicmodelbydecade\topicmodel1911-1922\1914 (2).txt
8,6,7,C:\Users\catha\Documents\GitHub\Final-Project-\Final Project\Topicmodelbydecade\topicmodel1911-1922\1915.txt
8,7,13,C:\Users\catha\Documents\GitHub\Final-Project-\Final Project\Topicmodelbydecade\topicmodel1911-1922\1922.txt
8,8,10,C:\Users\catha\Documents\GitHub\Final-Project-\Final Project\Topicmodelbydecade\topicmodel1911-1922\1919 (2).txt
8,9,1,C:\Users\catha\Documents\GitHub\Final-Project-\Final Project\Topicmodelbydecade\topicmodel1911-1922\1911 (2).txt
8,10,4,C:\Users\catha\Documents\GitHub\Final-Project-\Final Project\Topicmodelbydecade\topicmodel1911-1922\1913.txt
8,11,11,C:\Users\catha\Documents\GitHub\Final-Project-\Final Project\Topicmodelbydecade\topicmodel1911-1922\1919 (3).txt
8,12,8,C:\Users\catha\Documents\GitHub\Final-Project-\Final Project\Topicmodelbydecade\topicmodel1911-1922\1917.txt
8,13,3,C:\Users\catha\Documents\GitHub\Final-Project-\Final Project\Topicmodelbydecade\topicmodel1911-1922\1912.txt
9,1,11,C:\Users\catha\Documents\GitHub\Final-Project-\Final Project\Topicmodelbydecade\topicmodel1911-1922\1919 (3).txt
9,2,7,C:\Users\catha\Documents\GitHub\Final-Project-\Final Project\Topicmodelbydecade\topicmodel1911-1922\1915.txt
9,3,5,C:\Users\catha\Documents\GitHub\Final-Project-\Final Project\Topicmodelbydecade\topicmodel1911-1922\1914 (2).txt
9,4,1,C:\Users\catha\Documents\GitHub\Final-Project-\Final Project\Topicmodelbydecade\topicmodel1911-1922\1911 (2).txt
9,5,4,C:\Users\catha\Documents\GitHub\Final-Project-\Final Project\Topicmodelbydecade\topicmodel1911-1922\1913.txt
9,6,12,C:\Users\catha\Documents\GitHub\Final-Project-\Final Project\Topicmodelbydecade\topicmodel1911-1922\1919.txt
9,7,2,C:\Users\catha\Documents\GitHub\Final-Project-\Final Project\Topicmodelbydecade\topicmodel1911-1922\1911.txt
9,8,13,C:\Users\catha\Documents\GitHub\Final-Project-\Final Project\Topicmodelbydecade\topicmodel1911-1922\1922.txt
9,9,10,C:\Users\catha\Documents\GitHub\Final-Project-\Final Project\Topicmodelbydecade\topicmodel1911-1922\1919 (2).txt
9,10,3,C:\Users\catha\Documents\GitHub\Final-Project-\Final Project\Topicmodelbydecade\topicmodel1911-1922\1912.txt
9,11,9,C:\Users\catha\Documents\GitHub\Final-Project-\Final Project\Topicmodelbydecade\topicmodel1911-1922\1918.txt
9,12,6,C:\Users\catha\Documents\GitHub\Final-Project-\Final Project\Topicmodelbydecade\topicmodel1911-1922\1914.txt
9,13,8,C:\Users\catha\Documents\GitHub\Final-Project-\Final Project\Topicmodelbydecade\topicmodel1911-1922\1917.txt
10,1,2,C:\Users\catha\Documents\GitHub\Final-Project-\Final Project\Topicmodelbydecade\topicmodel1911-1922\1911.txt
10,2,7,C:\Users\catha\Documents\GitHub\Final-Project-\Final Project\Topicmodelbydecade\topicmodel1911-1922\1915.txt
10,3,12,C:\Users\catha\Documents\GitHub\Final-Project-\Final Project\Topicmodelbydecade\topicmodel1911-1922\1919.txt
10,4,10,C:\Users\catha\Documents\GitHub\Final-Project-\Final Project\Topicmodelbydecade\topicmodel1911-1922\1919 (2).txt
10,5,9,C:\Users\catha\Documents\GitHub\Final-Project-\Final Project\Topicmodelbydecade\topicmodel1911-1922\1918.txt
10,6,5,C:\Users\catha\Documents\GitHub\Final-Project-\Final Project\Topicmodelbydecade\topicmodel1911-1922\1914 (2).txt
10,7,11,C:\Users\catha\Documents\GitHub\Final-Project-\Final Project\Topicmodelbydecade\topicmodel1911-1922\1919 (3).txt
10,8,13,C:\Users\catha\Documents\GitHub\Final-Project-\Final Project\Topicmodelbydecade\topicmodel1911-1922\1922.txt
10,9,1,C:\Users\catha\Documents\GitHub\Final-Project-\Final Project\Topicmodelbydecade\topicmodel1911-1922\1911 (2).txt
10,10,4,C:\Users\catha\Documents\GitHub\Final-Project-\Final Project\Topicmodelbydecade\topicmodel1911-1922\1913.txt
10,11,6,C:\Users\catha\Documents\GitHub\Final-Project-\Final Project\Topicmodelbydecade\topicmodel1911-1922\1914.txt
10,12,8,C:\Users\catha\Documents\GitHub\Final-Project-\Final Project\Topicmodelbydecade\topicmodel1911-1922\1917.txt
10,13,3,C:\Users\catha\Documents\GitHub\Final-Project-\Final Project\Topicmodelbydecade\topicmodel1911-1922\1912.txt
11,1,2,C:\Users\catha\Documents\GitHub\Final-Project-\Final Project\Topicmodelbydecade\topicmodel1911-1922\1911.txt
11,2,7,C:\Users\catha\Documents\GitHub\Final-Project-\Final Project\Topicmodelbydecade\topicmodel1911-1922\1915.txt
11,3,13,C:\Users\catha\Documents\GitHub\Final-Project-\Final Project\Topicmodelbydecade\topicmodel1911-1922\1922.txt
11,4,5,C:\Users\catha\Documents\GitHub\Final-Project-\Final Project\Topicmodelbydecade\topicmodel1911-1922\1914 (2).txt
11,5,4,C:\Users\catha\Documents\GitHub\Final-Project-\Final Project\Topicmodelbydecade\topicmodel1911-1922\1913.txt
11,6,12,C:\Users\catha\Documents\GitHub\Final-Project-\Final Project\Topicmodelbydecade\topicmodel1911-1922\1919.txt
11,7,9,C:\Users\catha\Documents\GitHub\Final-Project-\Final Project\Topicmodelbydecade\topicmodel1911-1922\1918.txt
11,8,11,C:\Users\catha\Documents\GitHub\Final-Project-\Final Project\Topicmodelbydecade\topicmodel1911-1922\1919 (3).txt
11,9,8,C:\Users\catha\Documents\GitHub\Final-Project-\Final Project\Topicmodelbydecade\topicmodel1911-1922\1917.txt
11,10,10,C:\Users\catha\Documents\GitHub\Final-Project-\Final Project\Topicmodelbydecade\topicmodel1911-1922\1919 (2).txt
11,11,6,C:\Users\catha\Documents\GitHub\Final-Project-\Final Project\Topicmodelbydecade\topicmodel1911-1922\1914.txt
11,12,3,C:\Users\catha\Documents\GitHub\Final-Project-\Final Project\Topicmodelbydecade\topicmodel1911-1922\1912.txt
11,13,1,C:\Users\catha\Documents\GitHub\Final-Project-\Final Project\Topicmodelbydecade\topicmodel1911-1922\1911 (2).txt
12,1,2,C:\Users\catha\Documents\GitHub\Final-Project-\Final Project\Topicmodelbydecade\topicmodel1911-1922\1911.txt
12,2,13,C:\Users\catha\Documents\GitHub\Final-Project-\Final Project\Topicmodelbydecade\topicmodel1911-1922\1922.txt
12,3,7,C:\Users\catha\Documents\GitHub\Final-Project-\Final Project\Topicmodelbydecade\topicmodel1911-1922\1915.txt
12,4,5,C:\Users\catha\Documents\GitHub\Final-Project-\Final Project\Topicmodelbydecade\topicmodel1911-1922\1914 (2).txt
12,5,1,C:\Users\catha\Documents\GitHub\Final-Project-\Final Project\Topicmodelbydecade\topicmodel1911-1922\1911 (2).txt
12,6,4,C:\Users\catha\Documents\GitHub\Final-Project-\Final Project\Topicmodelbydecade\topicmodel1911-1922\1913.txt
12,7,11,C:\Users\catha\Documents\GitHub\Final-Project-\Final Project\Topicmodelbydecade\topicmodel1911-1922\1919 (3).txt
12,8,12,C:\Users\catha\Documents\GitHub\Final-Project-\Final Project\Topicmodelbydecade\topicmodel1911-1922\1919.txt
12,9,8,C:\Users\catha\Documents\GitHub\Final-Project-\Final Project\Topicmodelbydecade\topicmodel1911-1922\1917.txt
12,10,6,C:\Users\catha\Documents\GitHub\Final-Project-\Final Project\Topicmodelbydecade\topicmodel1911-1922\1914.txt
12,11,3,C:\Users\catha\Documents\GitHub\Final-Project-\Final Project\Topicmodelbydecade\topicmodel1911-1922\1912.txt
12,12,10,C:\Users\catha\Documents\GitHub\Final-Project-\Final Project\Topicmodelbydecade\topicmodel1911-1922\1919 (2).txt
12,13,9,C:\Users\catha\Documents\GitHub\Final-Project-\Final Project\Topicmodelbydecade\topicmodel1911-1922\1918.txt
13,1,10,C:\Users\catha\Documents\GitHub\Final-Project-\Final Project\Topicmodelbydecade\topicmodel1911-1922\1919 (2).txt
13,2,2,C:\Users\catha\Documents\GitHub\Final-Project-\Final Project\Topicmodelbydecade\topicmodel1911-1922\1911.txt
13,3,11,C:\Users\catha\Documents\GitHub\Final-Project-\Final Project\Topicmodelbydecade\topicmodel1911-1922\1919 (3).txt
13,4,1,C:\Users\catha\Documents\GitHub\Final-Project-\Final Project\Topicmodelbydecade\topicmodel1911-1922\1911 (2).txt
13,5,5,C:\Users\catha\Documents\GitHub\Final-Project-\Final Project\Topicmodelbydecade\topicmodel1911-1922\1914 (2).txt
13,6,4,C:\Users\catha\Documents\GitHub\Final-Project-\Final Project\Topicmodelbydecade\topicmodel1911-1922\1913.txt
13,7,7,C:\Users\catha\Documents\GitHub\Final-Project-\Final Project\Topicmodelbydecade\topicmodel1911-1922\1915.txt
13,8,13,C:\Users\catha\Documents\GitHub\Final-Project-\Final Project\Topicmodelbydecade\topicmodel1911-1922\1922.txt
13,9,12,C:\Users\catha\Documents\GitHub\Final-Project-\Final Project\Topicmodelbydecade\topicmodel1911-1922\1919.txt
13,10,3,C:\Users\catha\Documents\GitHub\Final-Project-\Final Project\Topicmodelbydecade\topicmodel1911-1922\1912.txt
13,11,9,C:\Users\catha\Documents\GitHub\Final-Project-\Final Project\Topicmodelbydecade\topicmodel1911-1922\1918.txt
13,12,6,C:\Users\catha\Documents\GitHub\Final-Project-\Final Project\Topicmodelbydecade\topicmodel1911-1922\1914.txt
13,13,8,C:\Users\catha\Documents\GitHub\Final-Project-\Final Project\Topicmodelbydecade\topicmodel1911-1922\1917.txt
14,1,2,C:\Users\catha\Documents\GitHub\Final-Project-\Final Project\Topicmodelbydecade\topicmodel1911-1922\1911.txt
14,2,13,C:\Users\catha\Documents\GitHub\Final-Project-\Final Project\Topicmodelbydecade\topicmodel1911-1922\1922.txt
14,3,10,C:\Users\catha\Documents\GitHub\Final-Project-\Final Project\Topicmodelbydecade\topicmodel1911-1922\1919 (2).txt
14,4,7,C:\Users\catha\Documents\GitHub\Final-Project-\Final Project\Topicmodelbydecade\topicmodel1911-1922\1915.txt
14,5,9,C:\Users\catha\Documents\GitHub\Final-Project-\Final Project\Topicmodelbydecade\topicmodel1911-1922\1918.txt
14,6,4,C:\Users\catha\Documents\GitHub\Final-Project-\Final Project\Topicmodelbydecade\topicmodel1911-1922\1913.txt
14,7,5,C:\Users\catha\Documents\GitHub\Final-Project-\Final Project\Topicmodelbydecade\topicmodel1911-1922\1914 (2).txt
14,8,11,C:\Users\catha\Documents\GitHub\Final-Project-\Final Project\Topicmodelbydecade\topicmodel1911-1922\1919 (3).txt
14,9,6,C:\Users\catha\Documents\GitHub\Final-Project-\Final Project\Topicmodelbydecade\topicmodel1911-1922\1914.txt
14,10,3,C:\Users\catha\Documents\GitHub\Final-Project-\Final Project\Topicmodelbydecade\topicmodel1911-1922\1912.txt
14,11,1,C:\Users\catha\Documents\GitHub\Final-Project-\Final Project\Topicmodelbydecade\topicmodel1911-1922\1911 (2).txt
14,12,12,C:\Users\catha\Documents\GitHub\Final-Project-\Final Project\Topicmodelbydecade\topicmodel1911-1922\1919.txt
14,13,8,C:\Users\catha\Documents\GitHub\Final-Project-\Final Project\Topicmodelbydecade\topicmodel1911-1922\1917.txt
15,1,7,C:\Users\catha\Documents\GitHub\Final-Project-\Final Project\Topicmodelbydecade\topicmodel1911-1922\1915.txt
15,2,13,C:\Users\catha\Documents\GitHub\Final-Project-\Final Project\Topicmodelbydecade\topicmodel1911-1922\1922.txt
15,3,2,C:\Users\catha\Documents\GitHub\Final-Project-\Final Project\Topicmodelbydecade\topicmodel1911-1922\1911.txt
15,4,9,C:\Users\catha\Documents\GitHub\Final-Project-\Final Project\Topicmodelbydecade\topicmodel1911-1922\1918.txt
15,5,4,C:\Users\catha\Documents\GitHub\Final-Project-\Final Project\Topicmodelbydecade\topicmodel1911-1922\1913.txt
15,6,11,C:\Users\catha\Documents\GitHub\Final-Project-\Final Project\Topicmodelbydecade\topicmodel1911-1922\1919 (3).txt
15,7,3,C:\Users\catha\Documents\GitHub\Final-Project-\Final Project\Topicmodelbydecade\topicmodel1911-1922\1912.txt
15,8,10,C:\Users\catha\Documents\GitHub\Final-Project-\Final Project\Topicmodelbydecade\topicmodel1911-1922\1919 (2).txt
15,9,6,C:\Users\catha\Documents\GitHub\Final-Project-\Final Project\Topicmodelbydecade\topicmodel1911-1922\1914.txt
15,10,5,C:\Users\catha\Documents\GitHub\Final-Project-\Final Project\Topicmodelbydecade\topicmodel1911-1922\1914 (2).txt
15,11,12,C:\Users\catha\Documents\GitHub\Final-Project-\Final Project\Topicmodelbydecade\topicmodel1911-1922\1919.txt
15,12,1,C:\Users\catha\Documents\GitHub\Final-Project-\Final Project\Topicmodelbydecade\topicmodel1911-1922\1911 (2).txt
15,13,8,C:\Users\catha\Documents\GitHub\Final-Project-\Final Project\Topicmodelbydecade\topicmodel1911-1922\1917.txt
16,1,11,C:\Users\catha\Documents\GitHub\Final-Project-\Final Project\Topicmodelbydecade\topicmodel1911-1922\1919 (3).txt
16,2,5,C:\Users\catha\Documents\GitHub\Final-Project-\Final Project\Topicmodelbydecade\topicmodel1911-1922\1914 (2).txt
16,3,1,C:\Users\catha\Documents\GitHub\Final-Project-\Final Project\Topicmodelbydecade\topicmodel1911-1922\1911 (2).txt
16,4,7,C:\Users\catha\Documents\GitHub\Final-Project-\Final Project\Topicmodelbydecade\topicmodel1911-1922\1915.txt
16,5,4,C:\Users\catha\Documents\GitHub\Final-Project-\Final Project\Topicmodelbydecade\topicmodel1911-1922\1913.txt
16,6,13,C:\Users\catha\Documents\GitHub\Final-Project-\Final Project\Topicmodelbydecade\topicmodel1911-1922\1922.txt
16,7,3,C:\Users\catha\Documents\GitHub\Final-Project-\Final Project\Topicmodelbydecade\topicmodel1911-1922\1912.txt
16,8,12,C:\Users\catha\Documents\GitHub\Final-Project-\Final Project\Topicmodelbydecade\topicmodel1911-1922\1919.txt
16,9,10,C:\Users\catha\Documents\GitHub\Final-Project-\Final Project\Topicmodelbydecade\topicmodel1911-1922\1919 (2).txt
16,10,9,C:\Users\catha\Documents\GitHub\Final-Project-\Final Project\Topicmodelbydecade\topicmodel1911-1922\1918.txt
16,11,8,C:\Users\catha\Documents\GitHub\Final-Project-\Final Project\Topicmodelbydecade\topicmodel1911-1922\1917.txt
16,12,6,C:\Users\catha\Documents\GitHub\Final-Project-\Final Project\Topicmodelbydecade\topicmodel1911-1922\1914.txt
16,13,2,C:\Users\catha\Documents\GitHub\Final-Project-\Final Project\Topicmodelbydecade\topicmodel1911-1922\1911.txt
17,1,11,C:\Users\catha\Documents\GitHub\Final-Project-\Final Project\Topicmodelbydecade\topicmodel1911-1922\1919 (3).txt
17,2,12,C:\Users\catha\Documents\GitHub\Final-Project-\Final Project\Topicmodelbydecade\topicmodel1911-1922\1919.txt
17,3,5,C:\Users\catha\Documents\GitHub\Final-Project-\Final Project\Topicmodelbydecade\topicmodel1911-1922\1914 (2).txt
17,4,10,C:\Users\catha\Documents\GitHub\Final-Project-\Final Project\Topicmodelbydecade\topicmodel1911-1922\1919 (2).txt
17,5,1,C:\Users\catha\Documents\GitHub\Final-Project-\Final Project\Topicmodelbydecade\topicmodel1911-1922\1911 (2).txt
17,6,9,C:\Users\catha\Documents\GitHub\Final-Project-\Final Project\Topicmodelbydecade\topicmodel1911-1922\1918.txt
17,7,7,C:\Users\catha\Documents\GitHub\Final-Project-\Final Project\Topicmodelbydecade\topicmodel1911-1922\1915.txt
17,8,6,C:\Users\catha\Documents\GitHub\Final-Project-\Final Project\Topicmodelbydecade\topicmodel1911-1922\1914.txt
17,9,13,C:\Users\catha\Documents\GitHub\Final-Project-\Final Project\Topicmodelbydecade\topicmodel1911-1922\1922.txt
17,10,4,C:\Users\catha\Documents\GitHub\Final-Project-\Final Project\Topicmodelbydecade\topicmodel1911-1922\1913.txt
17,11,2,C:\Users\catha\Documents\GitHub\Final-Project-\Final Project\Topicmodelbydecade\topicmodel1911-1922\1911.txt
17,12,8,C:\Users\catha\Documents\GitHub\Final-Project-\Final Project\Topicmodelbydecade\topicmodel1911-1922\1917.txt
17,13,3,C:\Users\catha\Documents\GitHub\Final-Project-\Final Project\Topicmodelbydecade\topicmodel1911-1922\1912.txt
18,1,9,C:\Users\catha\Documents\GitHub\Final-Project-\Final Project\Topicmodelbydecade\topicmodel1911-1922\1918.txt
18,2,13,C:\Users\catha\Documents\GitHub\Final-Project-\Final Project\Topicmodelbydecade\topicmodel1911-1922\1922.txt
18,3,10,C:\Users\catha\Documents\GitHub\Final-Project-\Final Project\Topicmodelbydecade\topicmodel1911-1922\1919 (2).txt
18,4,1,C:\Users\catha\Documents\GitHub\Final-Project-\Final Project\Topicmodelbydecade\topicmodel1911-1922\1911 (2).txt
18,5,6,C:\Users\catha\Documents\GitHub\Final-Project-\Final Project\Topicmodelbydecade\topicmodel1911-1922\1914.txt
18,6,2,C:\Users\catha\Documents\GitHub\Final-Project-\Final Project\Topicmodelbydecade\topicmodel1911-1922\1911.txt
18,7,11,C:\Users\catha\Documents\GitHub\Final-Project-\Final Project\Topicmodelbydecade\topicmodel1911-1922\1919 (3).txt
18,8,12,C:\Users\catha\Documents\GitHub\Final-Project-\Final Project\Topicmodelbydecade\topicmodel1911-1922\1919.txt
18,9,4,C:\Users\catha\Documents\GitHub\Final-Project-\Final Project\Topicmodelbydecade\topicmodel1911-1922\1913.txt
18,10,3,C:\Users\catha\Documents\GitHub\Final-Project-\Final Project\Topicmodelbydecade\topicmodel1911-1922\1912.txt
18,11,7,C:\Users\catha\Documents\GitHub\Final-Project-\Final Project\Topicmodelbydecade\topicmodel1911-1922\1915.txt
18,12,8,C:\Users\catha\Documents\GitHub\Final-Project-\Final Project\Topicmodelbydecade\topicmodel1911-1922\1917.txt
18,13,5,C:\Users\catha\Documents\GitHub\Final-Project-\Final Project\Topicmodelbydecade\topicmodel1911-1922\1914 (2).txt
19,1,2,C:\Users\catha\Documents\GitHub\Final-Project-\Final Project\Topicmodelbydecade\topicmodel1911-1922\1911.txt
19,2,7,C:\Users\catha\Documents\GitHub\Final-Project-\Final Project\Topicmodelbydecade\topicmodel1911-1922\1915.txt
19,3,13,C:\Users\catha\Documents\GitHub\Final-Project-\Final Project\Topicmodelbydecade\topicmodel1911-1922\1922.txt
19,4,9,C:\Users\catha\Documents\GitHub\Final-Project-\Final Project\Topicmodelbydecade\topicmodel1911-1922\1918.txt
19,5,5,C:\Users\catha\Documents\GitHub\Final-Project-\Final Project\Topicmodelbydecade\topicmodel1911-1922\1914 (2).txt
19,6,4,C:\Users\catha\Documents\GitHub\Final-Project-\Final Project\Topicmodelbydecade\topicmodel1911-1922\1913.txt
19,7,11,C:\Users\catha\Documents\GitHub\Final-Project-\Final Project\Topicmodelbydecade\topicmodel1911-1922\1919 (3).txt
19,8,12,C:\Users\catha\Documents\GitHub\Final-Project-\Final Project\Topicmodelbydecade\topicmodel1911-1922\1919.txt
19,9,10,C:\Users\catha\Documents\GitHub\Final-Project-\Final Project\Topicmodelbydecade\topicmodel1911-1922\1919 (2).txt
19,10,3,C:\Users\catha\Documents\GitHub\Final-Project-\Final Project\Topicmodelbydecade\topicmodel1911-1922\1912.txt
19,11,8,C:\Users\catha\Documents\GitHub\Final-Project-\Final Project\Topicmodelbydecade\topicmodel1911-1922\1917.txt
19,12,1,C:\Users\catha\Documents\GitHub\Final-Project-\Final Project\Topicmodelbydecade\topicmodel1911-1922\1911 (2).txt
19,13,6,C:\Users\catha\Documents\GitHub\Final-Project-\Final Project\Topicmodelbydecade\topicmodel1911-1922\1914.txt
20,1,4,C:\Users\catha\Documents\GitHub\Final-Project-\Final Project\Topicmodelbydecade\topicmodel1911-1922\1913.txt
20,2,2,C:\Users\catha\Documents\GitHub\Final-Project-\Final Project\Topicmodelbydecade\topicmodel1911-1922\1911.txt
20,3,7,C:\Users\catha\Documents\GitHub\Final-Project-\Final Project\Topicmodelbydecade\topicmodel1911-1922\1915.txt
20,4,11,C:\Users\catha\Documents\GitHub\Final-Project-\Final Project\Topicmodelbydecade\topicmodel1911-1922\1919 (3).txt
20,5,13,C:\Users\catha\Documents\GitHub\Final-Project-\Final Project\Topicmodelbydecade\topicmodel1911-1922\1922.txt
20,6,5,C:\Users\catha\Documents\GitHub\Final-Project-\Final Project\Topicmodelbydecade\topicmodel1911-1922\1914 (2).txt
20,7,1,C:\Users\catha\Documents\GitHub\Final-Project-\Final Project\Topicmodelbydecade\topicmodel1911-1922\1911 (2).txt
20,8,12,C:\Users\catha\Documents\GitHub\Final-Project-\Final Project\Topicmodelbydecade\topicmodel1911-1922\1919.txt
20,9,9,C:\Users\catha\Documents\GitHub\Final-Project-\Final Project\Topicmodelbydecade\topicmodel1911-1922\1918.txt
20,10,3,C:\Users\catha\Documents\GitHub\Final-Project-\Final Project\Topicmodelbydecade\topicmodel1911-1922\1912.txt
20,11,6,C:\Users\catha\Documents\GitHub\Final-Project-\Final Project\Topicmodelbydecade\topicmodel1911-1922\1914.txt
20,12,10,C:\Users\catha\Documents\GitHub\Final-Project-\Final Project\Topicmodelbydecade\topicmodel1911-1922\1919 (2).txt
20,13,8,C:\Users\catha\Documents\GitHub\Final-Project-\Final Project\Topicmodelbydecade\topicmodel1911-1922\1917.txt
21,1,12,C:\Users\catha\Documents\GitHub\Final-Project-\Final Project\Topicmodelbydecade\topicmodel1911-1922\1919.txt
21,2,2,C:\Users\catha\Documents\GitHub\Final-Project-\Final Project\Topicmodelbydecade\topicmodel1911-1922\1911.txt
21,3,5,C:\Users\catha\Documents\GitHub\Final-Project-\Final Project\Topicmodelbydecade\topicmodel1911-1922\1914 (2).txt
21,4,1,C:\Users\catha\Documents\GitHub\Final-Project-\Final Project\Topicmodelbydecade\topicmodel1911-1922\1911 (2).txt
21,5,4,C:\Users\catha\Documents\GitHub\Final-Project-\Final Project\Topicmodelbydecade\topicmodel1911-1922\1913.txt
21,6,8,C:\Users\catha\Documents\GitHub\Final-Project-\Final Project\Topicmodelbydecade\topicmodel1911-1922\1917.txt
21,7,7,C:\Users\catha\Documents\GitHub\Final-Project-\Final Project\Topicmodelbydecade\topicmodel1911-1922\1915.txt
21,8,10,C:\Users\catha\Documents\GitHub\Final-Project-\Final Project\Topicmodelbydecade\topicmodel1911-1922\1919 (2).txt
21,9,3,C:\Users\catha\Documents\GitHub\Final-Project-\Final Project\Topicmodelbydecade\topicmodel1911-1922\1912.txt
21,10,13,C:\Users\catha\Documents\GitHub\Final-Project-\Final Project\Topicmodelbydecade\topicmodel1911-1922\1922.txt
21,11,6,C:\Users\catha\Documents\GitHub\Final-Project-\Final Project\Topicmodelbydecade\topicmodel1911-1922\1914.txt
21,12,9,C:\Users\catha\Documents\GitHub\Final-Project-\Final Project\Topicmodelbydecade\topicmodel1911-1922\1918.txt
21,13,11,C:\Users\catha\Documents\GitHub\Final-Project-\Final Project\Topicmodelbydecade\topicmodel1911-1922\1919 (3).txt
22,1,7,C:\Users\catha\Documents\GitHub\Final-Project-\Final Project\Topicmodelbydecade\topicmodel1911-1922\1915.txt
22,2,4,C:\Users\catha\Documents\GitHub\Final-Project-\Final Project\Topicmodelbydecade\topicmodel1911-1922\1913.txt
22,3,2,C:\Users\catha\Documents\GitHub\Final-Project-\Final Project\Topicmodelbydecade\topicmodel1911-1922\1911.txt
22,4,3,C:\Users\catha\Documents\GitHub\Final-Project-\Final Project\Topicmodelbydecade\topicmodel1911-1922\1912.txt
22,5,1,C:\Users\catha\Documents\GitHub\Final-Project-\Final Project\Topicmodelbydecade\topicmodel1911-1922\1911 (2).txt
22,6,13,C:\Users\catha\Documents\GitHub\Final-Project-\Final Project\Topicmodelbydecade\topicmodel1911-1922\1922.txt
22,7,9,C:\Users\catha\Documents\GitHub\Final-Project-\Final Project\Topicmodelbydecade\topicmodel1911-1922\1918.txt
22,8,10,C:\Users\catha\Documents\GitHub\Final-Project-\Final Project\Topicmodelbydecade\topicmodel1911-1922\1919 (2).txt
22,9,5,C:\Users\catha\Documents\GitHub\Final-Project-\Final Project\Topicmodelbydecade\topicmodel1911-1922\1914 (2).txt
22,10,8,C:\Users\catha\Documents\GitHub\Final-Project-\Final Project\Topicmodelbydecade\topicmodel1911-1922\1917.txt
22,11,6,C:\Users\catha\Documents\GitHub\Final-Project-\Final Project\Topicmodelbydecade\topicmodel1911-1922\1914.txt
22,12,11,C:\Users\catha\Documents\GitHub\Final-Project-\Final Project\Topicmodelbydecade\topicmodel1911-1922\1919 (3).txt
22,13,12,C:\Users\catha\Documents\GitHub\Final-Project-\Final Project\Topicmodelbydecade\topicmodel1911-1922\1919.txt
23,1,2,C:\Users\catha\Documents\GitHub\Final-Project-\Final Project\Topicmodelbydecade\topicmodel1911-1922\1911.txt
23,2,7,C:\Users\catha\Documents\GitHub\Final-Project-\Final Project\Topicmodelbydecade\topicmodel1911-1922\1915.txt
23,3,4,C:\Users\catha\Documents\GitHub\Final-Project-\Final Project\Topicmodelbydecade\topicmodel1911-1922\1913.txt
23,4,11,C:\Users\catha\Documents\GitHub\Final-Project-\Final Project\Topicmodelbydecade\topicmodel1911-1922\1919 (3).txt
23,5,5,C:\Users\catha\Documents\GitHub\Final-Project-\Final Project\Topicmodelbydecade\topicmodel1911-1922\1914 (2).txt
23,6,9,C:\Users\catha\Documents\GitHub\Final-Project-\Final Project\Topicmodelbydecade\topicmodel1911-1922\1918.txt
23,7,13,C:\Users\catha\Documents\GitHub\Final-Project-\Final Project\Topicmodelbydecade\topicmodel1911-1922\1922.txt
23,8,1,C:\Users\catha\Documents\GitHub\Final-Project-\Final Project\Topicmodelbydecade\topicmodel1911-1922\1911 (2).txt
23,9,3,C:\Users\catha\Documents\GitHub\Final-Project-\Final Project\Topicmodelbydecade\topicmodel1911-1922\1912.txt
23,10,12,C:\Users\catha\Documents\GitHub\Final-Project-\Final Project\Topicmodelbydecade\topicmodel1911-1922\1919.txt
23,11,10,C:\Users\catha\Documents\GitHub\Final-Project-\Final Project\Topicmodelbydecade\topicmodel1911-1922\1919 (2).txt
23,12,6,C:\Users\catha\Documents\GitHub\Final-Project-\Final Project\Topicmodelbydecade\topicmodel1911-1922\1914.txt
23,13,8,C:\Users\catha\Documents\GitHub\Final-Project-\Final Project\Topicmodelbydecade\topicmodel1911-1922\1917.txt
24,1,11,C:\Users\catha\Documents\GitHub\Final-Project-\Final Project\Topicmodelbydecade\topicmodel1911-1922\1919 (3).txt
24,2,7,C:\Users\catha\Documents\GitHub\Final-Project-\Final Project\Topicmodelbydecade\topicmodel1911-1922\1915.txt
24,3,4,C:\Users\catha\Documents\GitHub\Final-Project-\Final Project\Topicmodelbydecade\topicmodel1911-1922\1913.txt
24,4,1,C:\Users\catha\Documents\GitHub\Final-Project-\Final Project\Topicmodelbydecade\topicmodel1911-1922\1911 (2).txt
24,5,5,C:\Users\catha\Documents\GitHub\Final-Project-\Final Project\Topicmodelbydecade\topicmodel1911-1922\1914 (2).txt
24,6,6,C:\Users\catha\Documents\GitHub\Final-Project-\Final Project\Topicmodelbydecade\topicmodel1911-1922\1914.txt
24,7,12,C:\Users\catha\Documents\GitHub\Final-Project-\Final Project\Topicmodelbydecade\topicmodel1911-1922\1919.txt
24,8,10,C:\Users\catha\Documents\GitHub\Final-Project-\Final Project\Topicmodelbydecade\topicmodel1911-1922\1919 (2).txt
24,9,3,C:\Users\catha\Documents\GitHub\Final-Project-\Final Project\Topicmodelbydecade\topicmodel1911-1922\1912.txt
24,10,13,C:\Users\catha\Documents\GitHub\Final-Project-\Final Project\Topicmodelbydecade\topicmodel1911-1922\1922.txt
24,11,9,C:\Users\catha\Documents\GitHub\Final-Project-\Final Project\Topicmodelbydecade\topicmodel1911-1922\1918.txt
24,12,2,C:\Users\catha\Documents\GitHub\Final-Project-\Final Project\Topicmodelbydecade\topicmodel1911-1922\1911.txt
24,13,8,C:\Users\catha\Documents\GitHub\Final-Project-\Final Project\Topicmodelbydecade\topicmodel1911-1922\1917.txt
25,1,2,C:\Users\catha\Documents\GitHub\Final-Project-\Final Project\Topicmodelbydecade\topicmodel1911-1922\1911.txt
25,2,7,C:\Users\catha\Documents\GitHub\Final-Project-\Final Project\Topicmodelbydecade\topicmodel1911-1922\1915.txt
25,3,4,C:\Users\catha\Documents\GitHub\Final-Project-\Final Project\Topicmodelbydecade\topicmodel1911-1922\1913.txt
25,4,5,C:\Users\catha\Documents\GitHub\Final-Project-\Final Project\Topicmodelbydecade\topicmodel1911-1922\1914 (2).txt
25,5,11,C:\Users\catha\Documents\GitHub\Final-Project-\Final Project\Topicmodelbydecade\topicmodel1911-1922\1919 (3).txt
25,6,13,C:\Users\catha\Documents\GitHub\Final-Project-\Final Project\Topicmodelbydecade\topicmodel1911-1922\1922.txt
25,7,1,C:\Users\catha\Documents\GitHub\Final-Project-\Final Project\Topicmodelbydecade\topicmodel1911-1922\1911 (2).txt
25,8,3,C:\Users\catha\Documents\GitHub\Final-Project-\Final Project\Topicmodelbydecade\topicmodel1911-1922\1912.txt
25,9,12,C:\Users\catha\Documents\GitHub\Final-Project-\Final Project\Topicmodelbydecade\topicmodel1911-1922\1919.txt
25,10,9,C:\Users\catha\Documents\GitHub\Final-Project-\Final Project\Topicmodelbydecade\topicmodel1911-1922\1918.txt
25,11,10,C:\Users\catha\Documents\GitHub\Final-Project-\Final Project\Topicmodelbydecade\topicmodel1911-1922\1919 (2).txt
25,12,6,C:\Users\catha\Documents\GitHub\Final-Project-\Final Project\Topicmodelbydecade\topicmodel1911-1922\1914.txt
25,13,8,C:\Users\catha\Documents\GitHub\Final-Project-\Final Project\Topicmodelbydecade\topicmodel1911-1922\1917.txt
